#ariba_ref_name	ref_name	gene	var_only	flag	reads	cluster	ref_len	ref_base_assembled	pc_ident	ctg	ctg_len	ctg_cov	known_var	var_type	var_seq_type	known_var_change	has_known_var	ref_ctg_change	ref_ctg_effect	ref_start	ref_end	ref_nt	ctg_start	ctg_end	ctg_nt	smtls_total_depth	smtls_nts	smtls_nts_depth	var_description	free_text
AAC_6___Iaa.3002571.AE006468.2.1707351_1707789.5208	AAC_6___Iaa.3002571.AE006468.2.1707351_1707789.5208	1	0	27	380	AAC_6___I-_3	438	438	100.0	AAC_6___I-_3.l15.c4.ctg.1	1140	33.0	.	.	.	.	.	.	.	.	.	.	.	.	.	.	.	.	.	b"AAC(6')-Iaa is a chromosomal-encoded aminoglycoside acetyltransferase in S. typhimurium.";AAC(6')-Iaa
CRP.3000518.AP009048.1.4153663_4154296.4752	CRP.3000518.AP009048.1.4153663_4154296.4752	1	0	528	86	CRP	633	383	91.38	CRP.l6.c30.ctg.1	761	11.0	0	.	p	.	0	K29T	NONSYN	85	87	AAG	459	461	ACG	14;14;14	A;C;G	14;14;14	.	CRP;b'CRP is a global regulator that represses MdtEF multidrug efflux pump expression.'
CRP.3000518.AP009048.1.4153663_4154296.4752	CRP.3000518.AP009048.1.4153663_4154296.4752	1	0	528	86	CRP	633	383	91.38	CRP.l6.c30.ctg.1	761	11.0	0	.	p	.	0	A119S	NONSYN	355	357	GCA	729	731	TCC	5;5;5	T;C;C	4;5;5	.	CRP;b'CRP is a global regulator that represses MdtEF multidrug efflux pump expression.'
Escherichia_coli_23S.3004173.AE014075.1.237159_240063.4164	Escherichia_coli_23S.3004173.AE014075.1.237159_240063.4164	0	0	673	11352	Escherichia_coli_23S	2904	477	97.08	Escherichia_coli_23S.l6.c30.ctg.1	479	324.9	0	.	n	.	0	G285A	SNP	285	285	G	138	138	A	335	A	303	.	Escherichia coli 23S rRNA with mutation conferring resistance to oxazolidinone antibiotics
Escherichia_coli_23S.3004173.AE014075.1.237159_240063.4164	Escherichia_coli_23S.3004173.AE014075.1.237159_240063.4164	0	0	673	11352	Escherichia_coli_23S	2904	477	97.08	Escherichia_coli_23S.l6.c30.ctg.1	479	324.9	0	.	n	.	0	A348G	SNP	348	348	A	201	201	G	338	G	312	.	Escherichia coli 23S rRNA with mutation conferring resistance to oxazolidinone antibiotics
Escherichia_coli_23S.3004173.AE014075.1.237159_240063.4164	Escherichia_coli_23S.3004173.AE014075.1.237159_240063.4164	0	0	673	11352	Escherichia_coli_23S	2904	477	97.08	Escherichia_coli_23S.l6.c30.ctg.1	479	324.9	0	.	n	.	0	T349C	SNP	349	349	T	202	202	C	339	C,G	312,1	.	Escherichia coli 23S rRNA with mutation conferring resistance to oxazolidinone antibiotics
Escherichia_coli_23S.3004173.AE014075.1.237159_240063.4164	Escherichia_coli_23S.3004173.AE014075.1.237159_240063.4164	0	0	673	11352	Escherichia_coli_23S	2904	477	97.08	Escherichia_coli_23S.l6.c30.ctg.1	479	324.9	0	.	n	.	0	A354G	SNP	354	354	A	207	207	G	327	G	303	.	Escherichia coli 23S rRNA with mutation conferring resistance to oxazolidinone antibiotics
Escherichia_coli_23S.3004173.AE014075.1.237159_240063.4164	Escherichia_coli_23S.3004173.AE014075.1.237159_240063.4164	0	0	673	11352	Escherichia_coli_23S	2904	477	97.08	Escherichia_coli_23S.l6.c30.ctg.1	479	324.9	0	.	n	.	0	.540AC	INS	540	540	C	394	394	A	321	A	294	.	Escherichia coli 23S rRNA with mutation conferring resistance to oxazolidinone antibiotics
Escherichia_coli_23S.3004173.AE014075.1.237159_240063.4164	Escherichia_coli_23S.3004173.AE014075.1.237159_240063.4164	0	0	673	11352	Escherichia_coli_23S	2904	477	97.08	Escherichia_coli_23S.l6.c30.ctg.1	479	324.9	0	.	n	.	0	T542G	SNP	542	542	T	397	397	G	326	G	296	.	Escherichia coli 23S rRNA with mutation conferring resistance to oxazolidinone antibiotics
Escherichia_coli_23S.3004173.AE014075.1.237159_240063.4164	Escherichia_coli_23S.3004173.AE014075.1.237159_240063.4164	0	0	673	11352	Escherichia_coli_23S	2904	477	97.08	Escherichia_coli_23S.l6.c30.ctg.1	479	324.9	0	.	n	.	0	C544T	SNP	544	544	C	399	399	T	325	T	294	.	Escherichia coli 23S rRNA with mutation conferring resistance to oxazolidinone antibiotics
Escherichia_coli_23S.3004173.AE014075.1.237159_240063.4164	Escherichia_coli_23S.3004173.AE014075.1.237159_240063.4164	0	0	673	11352	Escherichia_coli_23S	2904	477	97.08	Escherichia_coli_23S.l6.c30.ctg.1	479	324.9	0	.	n	.	0	G549C	SNP	549	549	G	404	404	C	321	C	296	.	Escherichia coli 23S rRNA with mutation conferring resistance to oxazolidinone antibiotics
Escherichia_coli_23S.3004173.AE014075.1.237159_240063.4164	Escherichia_coli_23S.3004173.AE014075.1.237159_240063.4164	0	0	673	11352	Escherichia_coli_23S	2904	477	97.08	Escherichia_coli_23S.l6.c30.ctg.1	479	324.9	0	.	n	.	0	C550T	SNP	550	550	C	405	405	T	320	T	295	.	Escherichia coli 23S rRNA with mutation conferring resistance to oxazolidinone antibiotics
Escherichia_coli_23S.3004173.AE014075.1.237159_240063.4164	Escherichia_coli_23S.3004173.AE014075.1.237159_240063.4164	0	0	673	11352	Escherichia_coli_23S	2904	477	97.08	Escherichia_coli_23S.l6.c30.ctg.1	479	324.9	0	.	n	.	0	A613T	SNP	613	613	A	468	468	T	202	T,A	189,2	.	Escherichia coli 23S rRNA with mutation conferring resistance to oxazolidinone antibiotics
Escherichia_coli_23S.3004173.AE014075.1.237159_240063.4164	Escherichia_coli_23S.3004173.AE014075.1.237159_240063.4164	0	0	673	11352	Escherichia_coli_23S	2904	1727	97.75	Escherichia_coli_23S.l6.c30.ctg.2	2053	330.7	0	.	n	.	0	.1181C	INS	1181	1181	T	144	144	C	158	C	151	.	Escherichia coli 23S rRNA with mutation conferring resistance to oxazolidinone antibiotics
Escherichia_coli_23S.3004173.AE014075.1.237159_240063.4164	Escherichia_coli_23S.3004173.AE014075.1.237159_240063.4164	0	0	673	11352	Escherichia_coli_23S	2904	1727	97.75	Escherichia_coli_23S.l6.c30.ctg.2	2053	330.7	0	.	n	.	0	T1209C	SNP	1209	1209	T	172	172	C	229	C,T	37,177	.	Escherichia coli 23S rRNA with mutation conferring resistance to oxazolidinone antibiotics
Escherichia_coli_23S.3004173.AE014075.1.237159_240063.4164	Escherichia_coli_23S.3004173.AE014075.1.237159_240063.4164	0	0	673	11352	Escherichia_coli_23S	2904	1727	97.75	Escherichia_coli_23S.l6.c30.ctg.2	2053	330.7	0	.	n	.	0	A1220C	SNP	1220	1220	A	183	183	C	208	C,G	104,3	.	Escherichia coli 23S rRNA with mutation conferring resistance to oxazolidinone antibiotics
Escherichia_coli_23S.3004173.AE014075.1.237159_240063.4164	Escherichia_coli_23S.3004173.AE014075.1.237159_240063.4164	0	0	673	11352	Escherichia_coli_23S	2904	1727	97.75	Escherichia_coli_23S.l6.c30.ctg.2	2053	330.7	0	.	n	.	0	A1230T	SNP	1230	1230	A	193	193	T	224	T,A	112,105	.	Escherichia coli 23S rRNA with mutation conferring resistance to oxazolidinone antibiotics
Escherichia_coli_23S.3004173.AE014075.1.237159_240063.4164	Escherichia_coli_23S.3004173.AE014075.1.237159_240063.4164	0	0	673	11352	Escherichia_coli_23S	2904	1727	97.75	Escherichia_coli_23S.l6.c30.ctg.2	2053	330.7	0	.	n	.	0	A1387G	SNP	1387	1387	A	350	350	G	349	G,T	327,1	.	Escherichia coli 23S rRNA with mutation conferring resistance to oxazolidinone antibiotics
Escherichia_coli_23S.3004173.AE014075.1.237159_240063.4164	Escherichia_coli_23S.3004173.AE014075.1.237159_240063.4164	0	0	673	11352	Escherichia_coli_23S	2904	1727	97.75	Escherichia_coli_23S.l6.c30.ctg.2	2053	330.7	0	.	n	.	0	T1400C	SNP	1400	1400	T	363	363	C	308	C	297	.	Escherichia coli 23S rRNA with mutation conferring resistance to oxazolidinone antibiotics
Escherichia_coli_23S.3004173.AE014075.1.237159_240063.4164	Escherichia_coli_23S.3004173.AE014075.1.237159_240063.4164	0	0	673	11352	Escherichia_coli_23S	2904	1727	97.75	Escherichia_coli_23S.l6.c30.ctg.2	2053	330.7	0	.	n	.	0	.1482T	INS	1482	1482	G	445	445	T	271	T	263	.	Escherichia coli 23S rRNA with mutation conferring resistance to oxazolidinone antibiotics
Escherichia_coli_23S.3004173.AE014075.1.237159_240063.4164	Escherichia_coli_23S.3004173.AE014075.1.237159_240063.4164	0	0	673	11352	Escherichia_coli_23S	2904	1727	97.75	Escherichia_coli_23S.l6.c30.ctg.2	2053	330.7	0	.	n	.	0	T1485G	SNP	1485	1485	T	448	448	G	276	G	271	.	Escherichia coli 23S rRNA with mutation conferring resistance to oxazolidinone antibiotics
Escherichia_coli_23S.3004173.AE014075.1.237159_240063.4164	Escherichia_coli_23S.3004173.AE014075.1.237159_240063.4164	0	0	673	11352	Escherichia_coli_23S	2904	1727	97.75	Escherichia_coli_23S.l6.c30.ctg.2	2053	330.7	0	.	n	.	0	C1493T	SNP	1493	1493	C	456	456	T	275	T,A	269,1	.	Escherichia coli 23S rRNA with mutation conferring resistance to oxazolidinone antibiotics
Escherichia_coli_23S.3004173.AE014075.1.237159_240063.4164	Escherichia_coli_23S.3004173.AE014075.1.237159_240063.4164	0	0	673	11352	Escherichia_coli_23S	2904	1727	97.75	Escherichia_coli_23S.l6.c30.ctg.2	2053	330.7	0	.	n	.	0	A1502C	SNP	1502	1502	A	467	467	C	295	C	289	.	Escherichia coli 23S rRNA with mutation conferring resistance to oxazolidinone antibiotics
Escherichia_coli_23S.3004173.AE014075.1.237159_240063.4164	Escherichia_coli_23S.3004173.AE014075.1.237159_240063.4164	0	0	673	11352	Escherichia_coli_23S	2904	1727	97.75	Escherichia_coli_23S.l6.c30.ctg.2	2053	330.7	0	.	n	.	0	A1505T	SNP	1505	1505	A	470	470	T	295	T	293	.	Escherichia coli 23S rRNA with mutation conferring resistance to oxazolidinone antibiotics
Escherichia_coli_23S.3004173.AE014075.1.237159_240063.4164	Escherichia_coli_23S.3004173.AE014075.1.237159_240063.4164	0	0	673	11352	Escherichia_coli_23S	2904	1727	97.75	Escherichia_coli_23S.l6.c30.ctg.2	2053	330.7	0	.	n	.	0	C1507T	SNP	1507	1507	C	472	472	T	300	T	298	.	Escherichia coli 23S rRNA with mutation conferring resistance to oxazolidinone antibiotics
Escherichia_coli_23S.3004173.AE014075.1.237159_240063.4164	Escherichia_coli_23S.3004173.AE014075.1.237159_240063.4164	0	0	673	11352	Escherichia_coli_23S	2904	1727	97.75	Escherichia_coli_23S.l6.c30.ctg.2	2053	330.7	0	.	n	.	0	G1511A	SNP	1511	1511	G	476	476	A	301	A,T	293,1	.	Escherichia coli 23S rRNA with mutation conferring resistance to oxazolidinone antibiotics
Escherichia_coli_23S.3004173.AE014075.1.237159_240063.4164	Escherichia_coli_23S.3004173.AE014075.1.237159_240063.4164	0	0	673	11352	Escherichia_coli_23S	2904	1727	97.75	Escherichia_coli_23S.l6.c30.ctg.2	2053	330.7	0	.	n	.	0	T1523C	SNP	1523	1523	T	488	488	C	296	C,T	242,44	.	Escherichia coli 23S rRNA with mutation conferring resistance to oxazolidinone antibiotics
Escherichia_coli_23S.3004173.AE014075.1.237159_240063.4164	Escherichia_coli_23S.3004173.AE014075.1.237159_240063.4164	0	0	673	11352	Escherichia_coli_23S	2904	1727	97.75	Escherichia_coli_23S.l6.c30.ctg.2	2053	330.7	0	.	n	.	0	C1595G	SNP	1595	1595	C	560	560	G	399	G,C	262,111	.	Escherichia coli 23S rRNA with mutation conferring resistance to oxazolidinone antibiotics
Escherichia_coli_23S.3004173.AE014075.1.237159_240063.4164	Escherichia_coli_23S.3004173.AE014075.1.237159_240063.4164	0	0	673	11352	Escherichia_coli_23S	2904	1727	97.75	Escherichia_coli_23S.l6.c30.ctg.2	2053	330.7	0	.	n	.	0	T1712C	SNP	1712	1712	T	677	677	C	344	C	329	.	Escherichia coli 23S rRNA with mutation conferring resistance to oxazolidinone antibiotics
Escherichia_coli_23S.3004173.AE014075.1.237159_240063.4164	Escherichia_coli_23S.3004173.AE014075.1.237159_240063.4164	0	0	673	11352	Escherichia_coli_23S	2904	1727	97.75	Escherichia_coli_23S.l6.c30.ctg.2	2053	330.7	0	.	n	.	0	T1714C	SNP	1714	1714	T	679	679	C	342	C	329	.	Escherichia coli 23S rRNA with mutation conferring resistance to oxazolidinone antibiotics
Escherichia_coli_23S.3004173.AE014075.1.237159_240063.4164	Escherichia_coli_23S.3004173.AE014075.1.237159_240063.4164	0	0	673	11352	Escherichia_coli_23S	2904	1727	97.75	Escherichia_coli_23S.l6.c30.ctg.2	2053	330.7	0	.	n	.	0	C1725T	SNP	1725	1725	C	690	690	T	325	T	311	.	Escherichia coli 23S rRNA with mutation conferring resistance to oxazolidinone antibiotics
Escherichia_coli_23S.3004173.AE014075.1.237159_240063.4164	Escherichia_coli_23S.3004173.AE014075.1.237159_240063.4164	0	0	673	11352	Escherichia_coli_23S	2904	1727	97.75	Escherichia_coli_23S.l6.c30.ctg.2	2053	330.7	0	.	n	.	0	C1728T	SNP	1728	1728	C	693	693	T	327	T	316	.	Escherichia coli 23S rRNA with mutation conferring resistance to oxazolidinone antibiotics
Escherichia_coli_23S.3004173.AE014075.1.237159_240063.4164	Escherichia_coli_23S.3004173.AE014075.1.237159_240063.4164	0	0	673	11352	Escherichia_coli_23S	2904	1727	97.75	Escherichia_coli_23S.l6.c30.ctg.2	2053	330.7	0	.	n	.	0	G1731A	SNP	1731	1731	G	696	696	A	332	A,G	322,1	.	Escherichia coli 23S rRNA with mutation conferring resistance to oxazolidinone antibiotics
Escherichia_coli_23S.3004173.AE014075.1.237159_240063.4164	Escherichia_coli_23S.3004173.AE014075.1.237159_240063.4164	0	0	673	11352	Escherichia_coli_23S	2904	1727	97.75	Escherichia_coli_23S.l6.c30.ctg.2	2053	330.7	0	.	n	.	0	G1735A	SNP	1735	1735	G	700	700	A	329	A	316	.	Escherichia coli 23S rRNA with mutation conferring resistance to oxazolidinone antibiotics
Escherichia_coli_23S.3004173.AE014075.1.237159_240063.4164	Escherichia_coli_23S.3004173.AE014075.1.237159_240063.4164	0	0	673	11352	Escherichia_coli_23S	2904	1727	97.75	Escherichia_coli_23S.l6.c30.ctg.2	2053	330.7	0	.	n	.	0	A1746G	SNP	1746	1746	A	711	711	G	335	G	323	.	Escherichia coli 23S rRNA with mutation conferring resistance to oxazolidinone antibiotics
Escherichia_coli_23S.3004173.AE014075.1.237159_240063.4164	Escherichia_coli_23S.3004173.AE014075.1.237159_240063.4164	0	0	673	11352	Escherichia_coli_23S	2904	1727	97.75	Escherichia_coli_23S.l6.c30.ctg.2	2053	330.7	0	.	n	.	0	T1865C	SNP	1865	1865	T	830	830	C	375	C	347	.	Escherichia coli 23S rRNA with mutation conferring resistance to oxazolidinone antibiotics
Escherichia_coli_23S.3004173.AE014075.1.237159_240063.4164	Escherichia_coli_23S.3004173.AE014075.1.237159_240063.4164	0	0	673	11352	Escherichia_coli_23S	2904	1727	97.75	Escherichia_coli_23S.l6.c30.ctg.2	2053	330.7	0	.	n	.	0	T1882C	SNP	1882	1882	T	847	847	C	362	C	344	.	Escherichia coli 23S rRNA with mutation conferring resistance to oxazolidinone antibiotics
Escherichia_coli_23S.3004173.AE014075.1.237159_240063.4164	Escherichia_coli_23S.3004173.AE014075.1.237159_240063.4164	0	0	673	11352	Escherichia_coli_23S	2904	1727	97.75	Escherichia_coli_23S.l6.c30.ctg.2	2053	330.7	0	.	n	.	0	T2203G	SNP	2203	2203	T	1168	1168	G	424	G	400	.	Escherichia coli 23S rRNA with mutation conferring resistance to oxazolidinone antibiotics
Escherichia_coli_23S.3004173.AE014075.1.237159_240063.4164	Escherichia_coli_23S.3004173.AE014075.1.237159_240063.4164	0	0	673	11352	Escherichia_coli_23S	2904	1727	97.75	Escherichia_coli_23S.l6.c30.ctg.2	2053	330.7	0	.	n	.	0	C2793G	SNP	2793	2793	C	1758	1758	G	355	G	335	.	Escherichia coli 23S rRNA with mutation conferring resistance to oxazolidinone antibiotics
Escherichia_coli_23S.3004173.AE014075.1.237159_240063.4164	Escherichia_coli_23S.3004173.AE014075.1.237159_240063.4164	0	0	673	11352	Escherichia_coli_23S	2904	1727	97.75	Escherichia_coli_23S.l6.c30.ctg.2	2053	330.7	0	.	n	.	0	C2796T	SNP	2796	2796	C	1761	1761	T	346	T	282	.	Escherichia coli 23S rRNA with mutation conferring resistance to oxazolidinone antibiotics
Escherichia_coli_23S.3004173.AE014075.1.237159_240063.4164	Escherichia_coli_23S.3004173.AE014075.1.237159_240063.4164	0	0	673	11352	Escherichia_coli_23S	2904	1727	97.75	Escherichia_coli_23S.l6.c30.ctg.2	2053	330.7	0	.	n	.	0	T2798A	SNP	2798	2798	T	1763	1763	A	340	A,C,T	321,1,1	.	Escherichia coli 23S rRNA with mutation conferring resistance to oxazolidinone antibiotics
Escherichia_coli_23S.3004173.AE014075.1.237159_240063.4164	Escherichia_coli_23S.3004173.AE014075.1.237159_240063.4164	0	0	673	11352	Escherichia_coli_23S	2904	1727	97.75	Escherichia_coli_23S.l6.c30.ctg.2	2053	330.7	0	.	n	.	0	G2802T	SNP	2802	2802	G	1767	1767	T	329	T	311	.	Escherichia coli 23S rRNA with mutation conferring resistance to oxazolidinone antibiotics
Escherichia_coli_23S.3004173.AE014075.1.237159_240063.4164	Escherichia_coli_23S.3004173.AE014075.1.237159_240063.4164	0	0	673	11352	Escherichia_coli_23S	2904	1727	97.75	Escherichia_coli_23S.l6.c30.ctg.2	2053	330.7	0	.	n	.	0	G2803C	SNP	2803	2803	G	1768	1768	C	328	C	309	.	Escherichia coli 23S rRNA with mutation conferring resistance to oxazolidinone antibiotics
Escherichia_coli_23S.3004173.AE014075.1.237159_240063.4164	Escherichia_coli_23S.3004173.AE014075.1.237159_240063.4164	0	0	673	11352	Escherichia_coli_23S	2904	1727	97.75	Escherichia_coli_23S.l6.c30.ctg.2	2053	330.7	1	SNP	n	G2032U	0	.	.	2032	2032	G	997	997	G	402	G	378	Escherichia_coli_23S.3004173.AE014075.1.237159_240063.4164:0:0:G2032U:.:b'Point mutation in the 23S rRNA of Escherichia coli shown to confer resistance to oxazolidinone type antibiotics.'	Escherichia coli 23S rRNA with mutation conferring resistance to oxazolidinone antibiotics
Escherichia_coli_23S.3004173.AE014075.1.237159_240063.4164	Escherichia_coli_23S.3004173.AE014075.1.237159_240063.4164	0	0	673	11352	Escherichia_coli_23S	2904	1727	97.75	Escherichia_coli_23S.l6.c30.ctg.2	2053	330.7	1	SNP	n	G2032A	0	.	.	2032	2032	G	997	997	G	402	G	378	Escherichia_coli_23S.3004173.AE014075.1.237159_240063.4164:0:0:G2032A:.:b'Point mutation in the 23S rRNA of Escherichia coli shown to confer resistance to oxazolidinone type antibiotics.'	Escherichia coli 23S rRNA with mutation conferring resistance to oxazolidinone antibiotics
Escherichia_coli_23S.3004173.AE014075.1.237159_240063.4164	Escherichia_coli_23S.3004173.AE014075.1.237159_240063.4164	0	0	673	11352	Escherichia_coli_23S	2904	1727	97.75	Escherichia_coli_23S.l6.c30.ctg.2	2053	330.7	1	SNP	n	G2032C	0	.	.	2032	2032	G	997	997	G	402	G	378	Escherichia_coli_23S.3004173.AE014075.1.237159_240063.4164:0:0:G2032C:.:b'Point mutation in the 23S rRNA of Escherichia coli shown to confer resistance to oxazolidinone type antibiotics.'	Escherichia coli 23S rRNA with mutation conferring resistance to oxazolidinone antibiotics
Escherichia_coli_23S.3004173.AE014075.1.237159_240063.4164	Escherichia_coli_23S.3004173.AE014075.1.237159_240063.4164	0	0	673	11352	Escherichia_coli_23S	2904	1727	97.75	Escherichia_coli_23S.l6.c30.ctg.2	2053	330.7	1	SNP	n	G2447U	0	.	.	2447	2447	G	1412	1412	G	432	G	402	Escherichia_coli_23S.3004173.AE014075.1.237159_240063.4164:0:0:G2447U:.:b'Point mutation in the 23S rRNA of Escherichia coli shown to confer resistance to oxazolidinone type antibiotics.'	Escherichia coli 23S rRNA with mutation conferring resistance to oxazolidinone antibiotics
Escherichia_coli_23S.3004173.AE014075.1.237159_240063.4164	Escherichia_coli_23S.3004173.AE014075.1.237159_240063.4164	0	0	673	11352	Escherichia_coli_23S	2904	1727	97.75	Escherichia_coli_23S.l6.c30.ctg.2	2053	330.7	0	HET	.	.	.	C1233T	.	1233	1233	C	196	196	C	248	C,T	191,51	.	Escherichia coli 23S rRNA with mutation conferring resistance to oxazolidinone antibiotics
Escherichia_coli_23S.3004173.AE014075.1.237159_240063.4164	Escherichia_coli_23S.3004173.AE014075.1.237159_240063.4164	0	0	673	11352	Escherichia_coli_23S	2904	1727	97.75	Escherichia_coli_23S.l6.c30.ctg.2	2053	330.7	0	HET	.	.	.	T1211C	.	1211	1211	T	174	174	T	228	T,C	156,60	.	Escherichia coli 23S rRNA with mutation conferring resistance to oxazolidinone antibiotics
Escherichia_coli_23S.3004173.AE014075.1.237159_240063.4164	Escherichia_coli_23S.3004173.AE014075.1.237159_240063.4164	0	0	673	11352	Escherichia_coli_23S	2904	1727	97.75	Escherichia_coli_23S.l6.c30.ctg.2	2053	330.7	0	HET	.	.	.	C1594T	.	1594	1594	T	559	559	C	395	C,T	257,111	.	Escherichia coli 23S rRNA with mutation conferring resistance to oxazolidinone antibiotics
Escherichia_coli_23S.3004173.AE014075.1.237159_240063.4164	Escherichia_coli_23S.3004173.AE014075.1.237159_240063.4164	0	0	673	11352	Escherichia_coli_23S	2904	1727	97.75	Escherichia_coli_23S.l6.c30.ctg.2	2053	330.7	0	HET	.	.	.	G1219A,T	.	1219	1219	T	182	182	G	205	G,A,T	44,65,3	.	Escherichia coli 23S rRNA with mutation conferring resistance to oxazolidinone antibiotics
Escherichia_coli_23S.3004173.AE014075.1.237159_240063.4164	Escherichia_coli_23S.3004173.AE014075.1.237159_240063.4164	0	0	673	11352	Escherichia_coli_23S	2904	1727	97.75	Escherichia_coli_23S.l6.c30.ctg.2	2053	330.7	0	HET	.	.	.	T1736C	.	1736	1736	T	701	701	T	324	T,C	203,111	.	Escherichia coli 23S rRNA with mutation conferring resistance to oxazolidinone antibiotics
Escherichia_coli_23S.3004173.AE014075.1.237159_240063.4164	Escherichia_coli_23S.3004173.AE014075.1.237159_240063.4164	0	0	673	11352	Escherichia_coli_23S	2904	1727	97.75	Escherichia_coli_23S.l6.c30.ctg.2	2053	330.7	0	HET	.	.	.	G1229C	.	1229	1229	T	192	192	G	223	G,C	111,104	.	Escherichia coli 23S rRNA with mutation conferring resistance to oxazolidinone antibiotics
Escherichia_coli_23S.3004173.AE014075.1.237159_240063.4164	Escherichia_coli_23S.3004173.AE014075.1.237159_240063.4164	0	0	673	11352	Escherichia_coli_23S	2904	520	98.85	Escherichia_coli_23S.l6.c30.ctg.3	520	335.1	0	.	n	.	0	T766C	SNP	766	766	T	118	118	C	348	C	327	.	Escherichia coli 23S rRNA with mutation conferring resistance to oxazolidinone antibiotics
Escherichia_coli_23S.3004173.AE014075.1.237159_240063.4164	Escherichia_coli_23S.3004173.AE014075.1.237159_240063.4164	0	0	673	11352	Escherichia_coli_23S	2904	520	98.85	Escherichia_coli_23S.l6.c30.ctg.3	520	335.1	0	.	n	.	0	C846T	SNP	846	846	C	198	198	T	328	T	309	.	Escherichia coli 23S rRNA with mutation conferring resistance to oxazolidinone antibiotics
Escherichia_coli_23S.3004173.AE014075.1.237159_240063.4164	Escherichia_coli_23S.3004173.AE014075.1.237159_240063.4164	0	0	673	11352	Escherichia_coli_23S	2904	520	98.85	Escherichia_coli_23S.l6.c30.ctg.3	520	335.1	0	.	n	.	0	A877T	SNP	877	877	A	229	229	T	353	T	330	.	Escherichia coli 23S rRNA with mutation conferring resistance to oxazolidinone antibiotics
Escherichia_coli_23S.3004173.AE014075.1.237159_240063.4164	Escherichia_coli_23S.3004173.AE014075.1.237159_240063.4164	0	0	673	11352	Escherichia_coli_23S	2904	520	98.85	Escherichia_coli_23S.l6.c30.ctg.3	520	335.1	0	.	n	.	0	T884C	SNP	884	884	T	236	236	C	342	C	316	.	Escherichia coli 23S rRNA with mutation conferring resistance to oxazolidinone antibiotics
Escherichia_coli_23S.3004173.AE014075.1.237159_240063.4164	Escherichia_coli_23S.3004173.AE014075.1.237159_240063.4164	0	0	673	11352	Escherichia_coli_23S	2904	520	98.85	Escherichia_coli_23S.l6.c30.ctg.3	520	335.1	0	.	n	.	0	A892G	SNP	892	892	A	244	244	G	343	G	325	.	Escherichia coli 23S rRNA with mutation conferring resistance to oxazolidinone antibiotics
Escherichia_coli_23S.3004173.AE014075.1.237159_240063.4164	Escherichia_coli_23S.3004173.AE014075.1.237159_240063.4164	0	0	673	11352	Escherichia_coli_23S	2904	67	100.0	Escherichia_coli_23S.l6.c30.ctg.4	255	37.7	.	.	.	.	.	.	.	.	.	.	.	.	.	.	.	.	.	Escherichia coli 23S rRNA with mutation conferring resistance to oxazolidinone antibiotics
Escherichia_coli_EF_Tu.3003370.U00096.3.3470144_3471329.5280	Escherichia_coli_EF_Tu.3003370.U00096.3.3470144_3471329.5280	1	1	667	1288	Escherichia_coli_EF_Tu	1185	1185	97.97	Escherichia_coli_EF_Tu.l15.c30.ctg.1	1829	66.0	0	.	p	.	0	L190I	NONSYN	568	570	CTG	895	897	ATC	94;93;92	A;T;C	87;87;87	.	Escherichia coli EF-Tu mutants conferring resistance to Enacyloxin IIa
Escherichia_coli_EF_Tu.3003370.U00096.3.3470144_3471329.5280	Escherichia_coli_EF_Tu.3003370.U00096.3.3470144_3471329.5280	1	1	667	1288	Escherichia_coli_EF_Tu	1185	1185	97.97	Escherichia_coli_EF_Tu.l15.c30.ctg.1	1829	66.0	0	HET	.	.	.	G1179C	.	1179	1179	G	1506	1506	G	81	G,C	33,45	.	Escherichia coli EF-Tu mutants conferring resistance to Enacyloxin IIa
Escherichia_coli_PtsI.3003899.HG738867.1.2416338_2418066.3675	Escherichia_coli_PtsI.3003899.HG738867.1.2416338_2418066.3675	1	1	512	520	Escherichia_coli_PtsI	1728	760	94.61	Escherichia_coli_PtsI.l15.c30.ctg.1	905	31.9	0	.	p	.	0	I360V	NONSYN	1078	1080	ATC	110	112	GTG	5;5;5	G;T;G	5;5;5	.	Escherichia coli PtsI with mutation conferring resistance to fosfomycin
Escherichia_coli_PtsI.3003899.HG738867.1.2416338_2418066.3675	Escherichia_coli_PtsI.3003899.HG738867.1.2416338_2418066.3675	1	1	512	520	Escherichia_coli_PtsI	1728	760	94.61	Escherichia_coli_PtsI.l15.c30.ctg.1	905	31.9	0	.	p	.	0	R367K	NONSYN	1099	1101	AGA	131	133	AAA	7;7;7	A;A;A	7;7;7	.	Escherichia coli PtsI with mutation conferring resistance to fosfomycin
Escherichia_coli_PtsI.3003899.HG738867.1.2416338_2418066.3675	Escherichia_coli_PtsI.3003899.HG738867.1.2416338_2418066.3675	1	1	512	520	Escherichia_coli_PtsI	1728	760	94.61	Escherichia_coli_PtsI.l15.c30.ctg.1	905	31.9	0	.	p	.	0	L374V	NONSYN	1120	1122	CTC	152	154	GTT	9;9;8	G;T;T	9;9;8	.	Escherichia coli PtsI with mutation conferring resistance to fosfomycin
Escherichia_coli_PtsI.3003899.HG738867.1.2416338_2418066.3675	Escherichia_coli_PtsI.3003899.HG738867.1.2416338_2418066.3675	1	1	512	520	Escherichia_coli_PtsI	1728	497	94.16	Escherichia_coli_PtsI.l15.c30.ctg.2	538	36.1	0	.	p	.	0	Q35K	NONSYN	103	105	CAG	142	144	AAG	34;36;36	A;A;G	32;34;34	.	Escherichia coli PtsI with mutation conferring resistance to fosfomycin
Escherichia_coli_PtsI.3003899.HG738867.1.2416338_2418066.3675	Escherichia_coli_PtsI.3003899.HG738867.1.2416338_2418066.3675	1	1	512	520	Escherichia_coli_PtsI	1728	497	94.16	Escherichia_coli_PtsI.l15.c30.ctg.2	538	36.1	0	.	p	.	0	T56A	NONSYN	166	168	ACG	205	207	GCG	34;36;37	G;C;G	31;34;34	.	Escherichia coli PtsI with mutation conferring resistance to fosfomycin
Escherichia_coli_PtsI.3003899.HG738867.1.2416338_2418066.3675	Escherichia_coli_PtsI.3003899.HG738867.1.2416338_2418066.3675	1	1	512	520	Escherichia_coli_PtsI	1728	497	94.16	Escherichia_coli_PtsI.l15.c30.ctg.2	538	36.1	0	.	p	.	0	S113T	NONSYN	337	339	TCT	376	378	ACT	41;40;36	A;C;T	35;37;34	.	Escherichia coli PtsI with mutation conferring resistance to fosfomycin
Escherichia_coli_PtsI.3003899.HG738867.1.2416338_2418066.3675	Escherichia_coli_PtsI.3003899.HG738867.1.2416338_2418066.3675	1	1	512	520	Escherichia_coli_PtsI	1728	497	94.16	Escherichia_coli_PtsI.l15.c30.ctg.2	538	36.1	0	.	p	.	0	K145A	NONSYN	433	435	AAG	472	474	GCC	21;21;20	G;C;C	20;20;19	.	Escherichia coli PtsI with mutation conferring resistance to fosfomycin
Escherichia_coli_PtsI.3003899.HG738867.1.2416338_2418066.3675	Escherichia_coli_PtsI.3003899.HG738867.1.2416338_2418066.3675	1	1	512	520	Escherichia_coli_PtsI	1728	497	94.16	Escherichia_coli_PtsI.l15.c30.ctg.2	538	36.1	0	.	p	.	0	D154E	NONSYN	460	462	GAT	499	501	GAA	20;20;20	G;A;A	19;19;19	.	Escherichia coli PtsI with mutation conferring resistance to fosfomycin
Escherichia_coli_PtsI.3003899.HG738867.1.2416338_2418066.3675	Escherichia_coli_PtsI.3003899.HG738867.1.2416338_2418066.3675	1	1	512	520	Escherichia_coli_PtsI	1728	497	94.16	Escherichia_coli_PtsI.l15.c30.ctg.2	538	36.1	1	SNP	p	V25I	0	.	.	73	75	GTC	112	114	GTC	38;38;37	G;T;C	35;35;35	Escherichia_coli_PtsI.3003899.HG738867.1.2416338_2418066.3675:1:1:V25I:.:b'PtsI (phosphoenolpyruvate-protein phosphotransferase) is involved in cyclic AMP synthesis, which regulates glpT expression. As a result, mutations to ptsI confer resistance to fosfomycin by affecting the regulation of fosfomycin import.'	Escherichia coli PtsI with mutation conferring resistance to fosfomycin
H_NS.3000676.BA000007.3.1737690_1738104.5476	H_NS.3000676.BA000007.3.1737690_1738104.5476	1	0	531	72	H_NS	414	371	90.03	H_NS.l15.c4.ctg.1	680	10.1	0	.	p	.	0	L79M	NONSYN	235	237	CTT	538	540	ATG	5;5;5	A;T;G	5;4;5	.	b'H-NS is a histone-like protein involved in global gene regulation in Gram-negative bacteria. It is a repressor of the membrane fusion protein genes acrE, mdtE, and emrK as well as nearby genes of many RND-type multidrug exporters.';H-NS
H_NS.3000676.BA000007.3.1737690_1738104.5476	H_NS.3000676.BA000007.3.1737690_1738104.5476	1	0	531	72	H_NS	414	371	90.03	H_NS.l15.c4.ctg.1	680	10.1	0	.	p	.	0	V82A	NONSYN	244	246	GTT	547	549	GCT	5;5;5	G;C;T	5;5;5	.	b'H-NS is a histone-like protein involved in global gene regulation in Gram-negative bacteria. It is a repressor of the membrane fusion protein genes acrE, mdtE, and emrK as well as nearby genes of many RND-type multidrug exporters.';H-NS
H_NS.3000676.BA000007.3.1737690_1738104.5476	H_NS.3000676.BA000007.3.1737690_1738104.5476	1	0	531	72	H_NS	414	371	90.03	H_NS.l15.c4.ctg.1	680	10.1	0	.	p	.	0	Q92A	NONSYN	274	276	CAG	577	579	GCT	5;5;5	G;C;T	5;5;5	.	b'H-NS is a histone-like protein involved in global gene regulation in Gram-negative bacteria. It is a repressor of the membrane fusion protein genes acrE, mdtE, and emrK as well as nearby genes of many RND-type multidrug exporters.';H-NS
Klebsiella_pneumoniae_OmpK36.3003968.NC_016845.1.3727881_3728985.5853	Klebsiella_pneumoniae_OmpK36.3003968.NC_016845.1.3727881_3728985.5853	1	0	528	26	Klebsiella_pneumoniae_OmpK36	1104	132	92.42	Klebsiella_pneumoniae_OmpK36.l15.c4.ctg.2	133	3.8	0	.	p	.	0	Y35F	NONSYN	103	105	TAC	104	106	TTT	1;1;1	T;T;T	1;1;1	.	b'Klebsiella pneumoniae outer membrane porin protein. In beta-lactam-resistant Klebsiella, this porin is often deleted, limiting diffusion of the antibiotic into the cell. Klebsiella strains expressing OmpK36 are often beta-lactam sensitive even in the presence of beta-lactamases because of an inefficient mechanism.';Klebsiella pneumoniae OmpK36
Klebsiella_pneumoniae_OmpK36.3003968.NC_016845.1.3727881_3728985.5853	Klebsiella_pneumoniae_OmpK36.3003968.NC_016845.1.3727881_3728985.5853	1	0	528	26	Klebsiella_pneumoniae_OmpK36	1104	132	92.42	Klebsiella_pneumoniae_OmpK36.l15.c4.ctg.2	133	3.8	0	.	p	.	0	I38V	NONSYN	112	114	ATT	113	115	GTT	1;1;1	G;T;T	1;1;1	.	b'Klebsiella pneumoniae outer membrane porin protein. In beta-lactam-resistant Klebsiella, this porin is often deleted, limiting diffusion of the antibiotic into the cell. Klebsiella strains expressing OmpK36 are often beta-lactam sensitive even in the presence of beta-lactamases because of an inefficient mechanism.';Klebsiella pneumoniae OmpK36
Klebsiella_pneumoniae_PBP3.3007421.FO834906.1.4514344_4516111.8643	Klebsiella_pneumoniae_PBP3.3007421.FO834906.1.4514344_4516111.8643	1	1	528	206	Klebsiella_pneumoniae_PBP3	1767	1026	90.26	Klebsiella_pneumoniae_PBP3.l15.c4.ctg.1	1357	15.0	0	.	p	.	0	F286L	NONSYN	856	858	TTC	118	120	CTT	4;4;4	C;T;T	4;4;4	.	Klebsiella pneumoniae PBP3 mutants conferring resistance to ceftazidime-avibactam
Klebsiella_pneumoniae_PBP3.3007421.FO834906.1.4514344_4516111.8643	Klebsiella_pneumoniae_PBP3.3007421.FO834906.1.4514344_4516111.8643	1	1	528	206	Klebsiella_pneumoniae_PBP3	1767	1026	90.26	Klebsiella_pneumoniae_PBP3.l15.c4.ctg.1	1357	15.0	0	.	p	.	0	A290P	NONSYN	868	870	GCA	130	132	CCG	5;5;5	C;C;G	5;5;5	.	Klebsiella pneumoniae PBP3 mutants conferring resistance to ceftazidime-avibactam
Klebsiella_pneumoniae_PBP3.3007421.FO834906.1.4514344_4516111.8643	Klebsiella_pneumoniae_PBP3.3007421.FO834906.1.4514344_4516111.8643	1	1	528	206	Klebsiella_pneumoniae_PBP3	1767	1026	90.26	Klebsiella_pneumoniae_PBP3.l15.c4.ctg.1	1357	15.0	0	.	p	.	0	T293A	NONSYN	877	879	ACC	139	141	GCG	5;5;5	G;C;G	5;5;5	.	Klebsiella pneumoniae PBP3 mutants conferring resistance to ceftazidime-avibactam
Klebsiella_pneumoniae_PBP3.3007421.FO834906.1.4514344_4516111.8643	Klebsiella_pneumoniae_PBP3.3007421.FO834906.1.4514344_4516111.8643	1	1	528	206	Klebsiella_pneumoniae_PBP3	1767	1026	90.26	Klebsiella_pneumoniae_PBP3.l15.c4.ctg.1	1357	15.0	0	.	p	.	0	A298T	NONSYN	892	894	GCG	154	156	ACC	6;7;7	A;C;C	5;6;7	.	Klebsiella pneumoniae PBP3 mutants conferring resistance to ceftazidime-avibactam
Klebsiella_pneumoniae_PBP3.3007421.FO834906.1.4514344_4516111.8643	Klebsiella_pneumoniae_PBP3.3007421.FO834906.1.4514344_4516111.8643	1	1	528	206	Klebsiella_pneumoniae_PBP3	1767	1026	90.26	Klebsiella_pneumoniae_PBP3.l15.c4.ctg.1	1357	15.0	0	.	p	.	0	V375A	NONSYN	1123	1125	GTG	385	387	GCG	23;22;23	G;C;G	22;22;23	.	Klebsiella pneumoniae PBP3 mutants conferring resistance to ceftazidime-avibactam
Klebsiella_pneumoniae_PBP3.3007421.FO834906.1.4514344_4516111.8643	Klebsiella_pneumoniae_PBP3.3007421.FO834906.1.4514344_4516111.8643	1	1	528	206	Klebsiella_pneumoniae_PBP3	1767	1026	90.26	Klebsiella_pneumoniae_PBP3.l15.c4.ctg.1	1357	15.0	0	.	p	.	0	V458I	NONSYN	1372	1374	GTC	634	636	ATC	8;8;7	A;T;C	7;8;6	.	Klebsiella pneumoniae PBP3 mutants conferring resistance to ceftazidime-avibactam
Klebsiella_pneumoniae_PBP3.3007421.FO834906.1.4514344_4516111.8643	Klebsiella_pneumoniae_PBP3.3007421.FO834906.1.4514344_4516111.8643	1	1	528	206	Klebsiella_pneumoniae_PBP3	1767	1026	90.26	Klebsiella_pneumoniae_PBP3.l15.c4.ctg.1	1357	15.0	0	.	p	.	0	S462fs	FSHIFT	1384	1384	T	647	647	C	6	C	6	.	Klebsiella pneumoniae PBP3 mutants conferring resistance to ceftazidime-avibactam
Klebsiella_pneumoniae_PBP3.3007421.FO834906.1.4514344_4516111.8643	Klebsiella_pneumoniae_PBP3.3007421.FO834906.1.4514344_4516111.8643	1	1	528	206	Klebsiella_pneumoniae_PBP3	1767	1026	90.26	Klebsiella_pneumoniae_PBP3.l15.c4.ctg.1	1357	15.0	1	SNP	p	L367Q	0	.	.	1099	1101	CTG	361	363	CTG	22;21;21	C;T;G	20;20;21	Klebsiella_pneumoniae_PBP3.3007421.FO834906.1.4514344_4516111.8643:1:1:L367Q:.:b'Mutant PBP3 in Klebsiella pneumoniae conferring resistance to ceftazidime-avibactam.'	Klebsiella pneumoniae PBP3 mutants conferring resistance to ceftazidime-avibactam
MdtK.3001327.CP014358.1.2161325_2162750.4682	MdtK.3001327.CP014358.1.2161325_2162750.4682	1	0	539	862	MdtK	1425	1425	99.93	MdtK.l15.c4.ctg.1	1976	43.4	0	.	p	.	0	S278G	NONSYN	832	834	AGC	1082	1084	GGC	58;59;60	G;G;C	53;54;55	.	MdtK;b'A multidrug and toxic compound extrusions (MATE) transporter conferring resistance to norfloxacin, doxorubicin and acriflavine.'
OmpA.3005044.FO834906.1.2173974_2175099.6080	OmpA.3005044.FO834906.1.2173974_2175099.6080	1	0	528	22	OmpA	1125	148	93.24	OmpA.l6.c30.ctg.1	260	4.2	0	.	p	.	0	G50A	NONSYN	148	150	GGT	110	112	GCT	1;1;1	G;C;T	1;1;1	.	b'OmpA is a porin that confers resistance to beta-lactam antibiotics.';OmpA
Pasteurella_multocida_16S.3003493.NC_002663.1.341427_342977.3252	Pasteurella_multocida_16S.3003493.NC_002663.1.341427_342977.3252	0	0	516	2412	Pasteurella_multocida_16S	1551	76	98.68	Pasteurella_multocida_16S.l15.c30.ctg.2	266	37.8	0	.	n	.	0	A1548T	SNP	1548	1548	A	81	81	T	49	T	44	.	Pasteurella multocida 16S rRNA mutation conferring resistance to spectinomycin
Pasteurella_multocida_16S.3003493.NC_002663.1.341427_342977.3252	Pasteurella_multocida_16S.3003493.NC_002663.1.341427_342977.3252	0	0	516	2412	Pasteurella_multocida_16S	1551	95	94.74	Pasteurella_multocida_16S.l15.c30.ctg.3	423	27.9	0	.	n	.	0	T1464C	SNP	1464	1464	T	8	8	C	21	C	6	.	Pasteurella multocida 16S rRNA mutation conferring resistance to spectinomycin
Pasteurella_multocida_16S.3003493.NC_002663.1.341427_342977.3252	Pasteurella_multocida_16S.3003493.NC_002663.1.341427_342977.3252	0	0	516	2412	Pasteurella_multocida_16S	1551	95	94.74	Pasteurella_multocida_16S.l15.c30.ctg.3	423	27.9	0	.	n	.	0	G1473T	SNP	1473	1473	G	17	17	T	28	T	13	.	Pasteurella multocida 16S rRNA mutation conferring resistance to spectinomycin
Pasteurella_multocida_16S.3003493.NC_002663.1.341427_342977.3252	Pasteurella_multocida_16S.3003493.NC_002663.1.341427_342977.3252	0	0	516	2412	Pasteurella_multocida_16S	1551	95	94.74	Pasteurella_multocida_16S.l15.c30.ctg.3	423	27.9	0	.	n	.	0	A1475G	SNP	1475	1475	A	19	19	G	29	G	14	.	Pasteurella multocida 16S rRNA mutation conferring resistance to spectinomycin
Pasteurella_multocida_16S.3003493.NC_002663.1.341427_342977.3252	Pasteurella_multocida_16S.3003493.NC_002663.1.341427_342977.3252	0	0	516	2412	Pasteurella_multocida_16S	1551	95	94.74	Pasteurella_multocida_16S.l15.c30.ctg.3	423	27.9	0	.	n	.	0	A1548T	SNP	1548	1548	A	92	92	T	63	T	56	.	Pasteurella multocida 16S rRNA mutation conferring resistance to spectinomycin
acrA.3004042.DQ679966.1.299_1493.3995	acrA.3004042.DQ679966.1.299_1493.3995	1	0	16	44	acrA_1	1194	85	98.82	acrA_1.l15.c30.ctg.1	363	9.8	.	.	.	.	.	.	.	.	.	.	.	.	.	.	.	.	.	Enterobacter cloacae acrA;b'AcrA is a subunit of the AcrAB-TolC multidrug efflux system in E. cloacae.'
acrB.3000216.U00096.3.481253_484403.5485	acrB.3000216.U00096.3.481253_484403.5485	1	0	16	34	acrB	3150	83	95.18	acrB.l15.c4.ctg.2	241	3.3	.	.	.	.	.	.	.	.	.	.	.	.	.	.	.	.	.	acrB;b'Protein subunit of AcrA-AcrB-TolC multidrug efflux complex. AcrB functions as a herterotrimer which forms the inner membrane component and is primarily responsible for substrate recognition and energy transduction by acting as a drug/proton antiporter.'
bacA.3002986.U00096.3.3203309_3204131.4677	bacA.3002986.U00096.3.3203309_3204131.4677	1	0	16	56	bacA	822	128	92.97	bacA.l6.c30.ctg.1	280	15.4	.	.	.	.	.	.	.	.	.	.	.	.	.	.	.	.	.	b'The bacA gene product (BacA) recycles undecaprenyl pyrophosphate during cell wall biosynthesis which confers resistance to bacitracin.';bacA
cyaA.3003900.HG738867.1.2786398_2788945.5882	cyaA.3003900.HG738867.1.2786398_2788945.5882	1	0	528	62	cyaA_1	2547	195	91.28	cyaA_1.l15.c4.ctg.1	409	9.8	0	.	p	.	0	K59S	NONSYN	175	177	AAA	389	391	AGC	4;3;3	A;G;C	4;3;3	.	b'CyaA (adenylate cyclase) is involved with the synthesis of cyclic AMP which regulates the fosfomycin transporter glpT. As a result, mutations to cyaA confer resistance to fosfomycin.';Escherichia coli cyaA with mutation conferring resistance to fosfomycin
cyaA.3003900.HG738867.1.2786398_2788945.5882	cyaA.3003900.HG738867.1.2786398_2788945.5882	1	0	528	62	cyaA_1	2547	195	91.28	cyaA_1.l15.c4.ctg.1	409	9.8	0	.	p	.	0	L63F	NONSYN	187	189	CTT	401	403	TTC	2;2;2	T;T;C	2;2;2	.	b'CyaA (adenylate cyclase) is involved with the synthesis of cyclic AMP which regulates the fosfomycin transporter glpT. As a result, mutations to cyaA confer resistance to fosfomycin.';Escherichia coli cyaA with mutation conferring resistance to fosfomycin
fabG.3004049.U00096.3.1150669_1151404.5523	fabG.3004049.U00096.3.1150669_1151404.5523	1	1	528	102	fabG	735	501	90.02	fabG.l15.c17.ctg.1	570	16.3	0	.	p	.	0	A26V	NONSYN	76	78	GCA	139	141	GTT	1;1;1	G;T;T	1;1;1	.	Escherichia coli fabG mutations conferring resistance to triclosan
fabG.3004049.U00096.3.1150669_1151404.5523	fabG.3004049.U00096.3.1150669_1151404.5523	1	1	528	102	fabG	735	501	90.02	fabG.l15.c17.ctg.1	570	16.3	0	.	p	.	0	Q43K	NONSYN	127	129	CAG	190	192	AAG	6;6;6	A;A;G	6;6;6	.	Escherichia coli fabG mutations conferring resistance to triclosan
fabG.3004049.U00096.3.1150669_1151404.5523	fabG.3004049.U00096.3.1150669_1151404.5523	1	1	528	102	fabG	735	501	90.02	fabG.l15.c17.ctg.1	570	16.3	0	.	p	.	0	A44N	NONSYN	130	132	GCG	193	195	AAC	6;6;6	A;A;C	6;6;6	.	Escherichia coli fabG mutations conferring resistance to triclosan
fabG.3004049.U00096.3.1150669_1151404.5523	fabG.3004049.U00096.3.1150669_1151404.5523	1	1	528	102	fabG	735	501	90.02	fabG.l15.c17.ctg.1	570	16.3	0	.	p	.	0	K72N	NONSYN	214	216	AAA	277	279	AAT	25;25;26	A;A;T	24;24;23	.	Escherichia coli fabG mutations conferring resistance to triclosan
fabG.3004049.U00096.3.1150669_1151404.5523	fabG.3004049.U00096.3.1150669_1151404.5523	1	1	528	102	fabG	735	501	90.02	fabG.l15.c17.ctg.1	570	16.3	0	.	p	.	0	E101D	NONSYN	301	303	GAA	364	366	GAT	34;34;35	G;A;T	32;31;32	.	Escherichia coli fabG mutations conferring resistance to triclosan
fabG.3004049.U00096.3.1150669_1151404.5523	fabG.3004049.U00096.3.1150669_1151404.5523	1	1	528	102	fabG	735	501	90.02	fabG.l15.c17.ctg.1	570	16.3	0	.	p	.	0	H130C	NONSYN	388	390	CAT	451	453	TGT	25;25;24	T;G;T	21;20;19	.	Escherichia coli fabG mutations conferring resistance to triclosan
fabG.3004049.U00096.3.1150669_1151404.5523	fabG.3004049.U00096.3.1150669_1151404.5523	1	1	528	102	fabG	735	501	90.02	fabG.l15.c17.ctg.1	570	16.3	0	.	p	.	0	G146A	NONSYN	436	438	GGC	499	501	GCA	26;26;26	G;C;A	24;25;25	.	Escherichia coli fabG mutations conferring resistance to triclosan
fabG.3004049.U00096.3.1150669_1151404.5523	fabG.3004049.U00096.3.1150669_1151404.5523	1	1	528	102	fabG	735	501	90.02	fabG.l15.c17.ctg.1	570	16.3	1	SNP	p	Y151V	0	.	.	451	453	TAC	514	516	TAC	20;20;20	T;A;C	18;17;18	fabG.3004049.U00096.3.1150669_1151404.5523:1:1:Y151V:.:b'fabG is a 3-oxoacyl-acyl carrier protein reductase involved in lipid metabolism and fatty acid biosynthesis.The bacterial biocide Triclosan blocks the final reduction step in fatty acid elongation, inhibiting biosynthesis. Point mutations in fabG can confer resistance to Triclosan.'	Escherichia coli fabG mutations conferring resistance to triclosan
fabI.3004045.U00096.3.1350250_1351039.5254	fabI.3004045.U00096.3.1350250_1351039.5254	1	1	528	60	fabI	789	155	94.19	fabI.l6.c30.ctg.1	467	10.6	0	.	p	.	0	A36S	NONSYN	106	108	GCA	406	408	TCG	14;14;14	T;C;G	14;14;14	.	Escherichia coli fabI mutations conferring resistance to isoniazid and triclosan
golS.3000504.AE006468.2.400860_401325.5224	golS.3000504.AE006468.2.400860_401325.5224	1	0	27	348	golS	465	465	100.0	golS.l15.c4.ctg.1	1102	31.4	.	.	.	.	.	.	.	.	.	.	.	.	.	.	.	.	.	b'GolS is a regulator activated by the presence of golD, and promotes the expression of the MdsABC efflux pump.';golS
gyrA.3004334.AE006468.2.2373709_2376346.5394	gyrA.3004334.AE006468.2.2373709_2376346.5394	1	1	27	1558	gyrA_8	2637	2637	100.0	gyrA_8.l15.c4.ctg.1	3358	46.3	1	SNP	p	S83F	0	.	.	247	249	TCC	630	632	TCC	67;67;66	T;C;C	63;62;62	gyrA.3004334.AE006468.2.2373709_2376346.5394:1:1:S83F:.:b'Point mutations in Salmonella enterica serovar Typhimurium which have been shown to increase the minimum inhibitory concentration of the antibiotic triclosan. It is hypothesized that decreased susceptibility to triclosan in Salmonella gyrA mutants occurs indirectly due to alterations in the stress response pathways.'	Salmonella enterica gyrA with mutation conferring resistance to triclosan
gyrA.3004334.AE006468.2.2373709_2376346.5394	gyrA.3004334.AE006468.2.2373709_2376346.5394	1	1	27	1558	gyrA_8	2637	2637	100.0	gyrA_8.l15.c4.ctg.1	3358	46.3	1	SNP	p	D87G	0	.	.	259	261	GAC	642	644	GAC	63;63;63	G;A;C	59;59;58	gyrA.3004334.AE006468.2.2373709_2376346.5394:1:1:D87G:.:b'Point mutations in Salmonella enterica serovar Typhimurium which have been shown to increase the minimum inhibitory concentration of the antibiotic triclosan. It is hypothesized that decreased susceptibility to triclosan in Salmonella gyrA mutants occurs indirectly due to alterations in the stress response pathways.'	Salmonella enterica gyrA with mutation conferring resistance to triclosan
gyrA.3004335.U00096.3.2336792_2339420.4469	gyrA.3004335.U00096.3.2336792_2339420.4469	1	1	528	238	gyrA_9	2628	707	93.07	gyrA_9.l15.c4.ctg.2	1090	18.5	0	.	p	.	0	D200N	NONSYN	598	600	GAT	981	983	AAC	5;5;5	A;A;C	5;5;5	.	Escherichia coli gyrA with mutation conferring resistance to triclosan
gyrA.3004335.U00096.3.2336792_2339420.4469	gyrA.3004335.U00096.3.2336792_2339420.4469	1	1	528	238	gyrA_9	2628	707	93.07	gyrA_9.l15.c4.ctg.2	1090	18.5	1	SNP	p	D87G	0	.	.	259	261	GAC	642	644	GAC	34;34;34	G;A;C	32;31;31	gyrA.3004335.U00096.3.2336792_2339420.4469:1:1:D87G:.:b'Point mutations in Escherichia coli which have been shown to increase the minimum inhibitory concentration of the antibiotic triclosan. It is hypothesized that decreased susceptibility to triclosan in E. coli gyrA mutants occurs indirectly due to alterations in the stress response pathways.'	Escherichia coli gyrA with mutation conferring resistance to triclosan
gyrB.3003307.AE006468.2.4038867_4041282.5308	gyrB.3003307.AE006468.2.4038867_4041282.5308	1	1	27	1572	gyrB_1	2415	2415	100.0	gyrB_1.l15.c4.ctg.1	3045	51.5	1	SNP	p	E466D	0	.	.	1396	1398	GAA	1686	1688	GAA	63;64;64	G;A;A	58;57;57	gyrB.3003307.AE006468.2.4038867_4041282.5308:1:1:E466D:.:b'Point mutation in Salmonella serovars resulting in fluoroquinolone resistance.'	Salmonella serovars gyrB conferring resistance to fluoroquinolones
marA.3000263.AP009048.1.1621287_1621671.5219	marA.3000263.AP009048.1.1621287_1621671.5219	1	0	16	10	marA	384	95	97.89	marA.l15.c4.ctg.1	109	4.6	.	.	.	.	.	.	.	.	.	.	.	.	.	.	.	.	.	marA;b'In the presence of antibiotic stress, E. coli overexpresses the global activator protein MarA, which besides inducing MDR efflux pump AcrAB, also down- regulates synthesis of the porin OmpF.'
mdsA.3000789.AE006468.2.397057_398284.5279	mdsA.3000789.AE006468.2.397057_398284.5279	1	0	27	754	mdsA	1227	1227	100.0	mdsA.l15.c4.ctg.1	1926	38.9	.	.	.	.	.	.	.	.	.	.	.	.	.	.	.	.	.	mdsA;b'MdsA is the membrane fusion protein of the multidrug and metal efflux complex MdsABC.'
mdsB.3000790.AE006468.2.393893_397061.5454	mdsB.3000790.AE006468.2.393893_397061.5454	1	0	27	1870	mdsB	3168	3168	100.0	mdsB.l6.c30.ctg.1	3804	49.0	.	.	.	.	.	.	.	.	.	.	.	.	.	.	.	.	.	b'MdsB is the inner membrane transporter of the multidrug and metal efflux complex MdsABC. mdsB corresponds to 1 locus in Pseudomonas aeruginosa PAO1 (gene name: mexQ) and 2 loci in Pseudomonas aeruginosa LESB58.';mdsB
mdsC.3000791.AE006468.2.392419_393931.5482	mdsC.3000791.AE006468.2.392419_393931.5482	1	0	27	952	mdsC	1512	1512	100.0	mdsC.l15.c4.ctg.1	2081	45.4	.	.	.	.	.	.	.	.	.	.	.	.	.	.	.	.	.	b'MdsC is the outer membrane channel of the multidrug and metal efflux complex MdsABC.';mdsC
parC.3003939.AE006468.2.3336953_3339212.5266	parC.3003939.AE006468.2.3336953_3339212.5266	1	1	27	1464	parC_4	2259	2259	100.0	parC_4.l6.c4.ctg.1	2873	50.9	1	SNP	p	W106G	0	.	.	316	318	TGG	613	615	TGG	58;58;58	T;G;G	55;55;54	parC.3003939.AE006468.2.3336953_3339212.5266:1:1:W106G:.:b'Point mutations in Salmonella parC gene implicated in decreased susceptibility to fluoroquinolone antibiotics, primarily ciprofloxacin and nalidixic acid.'	Salmonella enterica parC conferring resistance to fluoroquinolones
parE.3003317.AE006468.2.3343968_3345861.5465	parE.3003317.AE006468.2.3343968_3345861.5465	1	1	27	1116	parE_2	1893	1893	100.0	parE_2.l15.c30.ctg.1	2584	43.0	1	SNP	p	V461G	0	.	.	1381	1383	GTG	1693	1695	GTG	58;58;58	G;T,A;G	55;54,1;55	parE.3003317.AE006468.2.3343968_3345861.5465:1:1:V461G:.:b'Point mutation in Salmonella serovars parE resulting in fluoroquinolones resistance.'	Salmonella serovars parE conferring resistance to fluoroquinolones
ramR.3003379.CP001138.1.613435_614017.4674	ramR.3003379.CP001138.1.613435_614017.4674	1	1	27	408	ramR	582	582	99.66	ramR.l15.c4.ctg.1	1123	35.9	1	SNP	p	T18P	0	.	.	52	54	ACC	302	304	ACC	52;51;51	A;C;C	47;48;48	ramR.3003379.CP001138.1.613435_614017.4674:1:1:T18P:.:b'RamR is a repressor that regulates RamA expression. Mutations lead to the upregulation of AcrAB, which is positively regulated by RamA.'	Salmonella enterica ramR mutants
ramR.3003379.CP001138.1.613435_614017.4674	ramR.3003379.CP001138.1.613435_614017.4674	1	1	27	408	ramR	582	582	99.66	ramR.l15.c4.ctg.1	1123	35.9	1	SNP	p	G25A	0	.	.	73	75	GGT	323	325	GGT	60;61;61	G;G;T	51;56;50	ramR.3003379.CP001138.1.613435_614017.4674:1:1:G25A:.:b'RamR is a repressor that regulates RamA expression. Mutations lead to the upregulation of AcrAB, which is positively regulated by RamA.'	Salmonella enterica ramR mutants
ramR.3003379.CP001138.1.613435_614017.4674	ramR.3003379.CP001138.1.613435_614017.4674	1	1	27	408	ramR	582	582	99.66	ramR.l15.c4.ctg.1	1123	35.9	1	SNP	p	R46P	0	.	.	136	138	CGC	386	388	CGC	54;55;55	C;G;C	47;47;48	ramR.3003379.CP001138.1.613435_614017.4674:1:1:R46P:.:b'RamR is a repressor that regulates RamA expression. Mutations lead to the upregulation of AcrAB, which is positively regulated by RamA.'	Salmonella enterica ramR mutants
ramR.3003379.CP001138.1.613435_614017.4674	ramR.3003379.CP001138.1.613435_614017.4674	1	1	27	408	ramR	582	582	99.66	ramR.l15.c4.ctg.1	1123	35.9	1	SNP	p	T50P	0	.	.	148	150	ACC	398	400	ACC	57;56;56	A;C;C	51;50;50	ramR.3003379.CP001138.1.613435_614017.4674:1:1:T50P:.:b'RamR is a repressor that regulates RamA expression. Mutations lead to the upregulation of AcrAB, which is positively regulated by RamA.'	Salmonella enterica ramR mutants
ramR.3003379.CP001138.1.613435_614017.4674	ramR.3003379.CP001138.1.613435_614017.4674	1	1	27	408	ramR	582	582	99.66	ramR.l15.c4.ctg.1	1123	35.9	1	SNP	p	Y59H	0	.	.	175	177	TAT	425	427	TAT	55;55;56	T;A;T	53;53;55	ramR.3003379.CP001138.1.613435_614017.4674:1:1:Y59H:.:b'RamR is a repressor that regulates RamA expression. Mutations lead to the upregulation of AcrAB, which is positively regulated by RamA.'	Salmonella enterica ramR mutants
ramR.3003379.CP001138.1.613435_614017.4674	ramR.3003379.CP001138.1.613435_614017.4674	1	1	27	408	ramR	582	582	99.66	ramR.l15.c4.ctg.1	1123	35.9	1	SNP	p	M84I	0	.	.	250	252	ATG	500	502	ATG	62;62;62	A;T;G	57;57;57	ramR.3003379.CP001138.1.613435_614017.4674:1:1:M84I:.:b'RamR is a repressor that regulates RamA expression. Mutations lead to the upregulation of AcrAB, which is positively regulated by RamA.'	Salmonella enterica ramR mutants
ramR.3003379.CP001138.1.613435_614017.4674	ramR.3003379.CP001138.1.613435_614017.4674	1	1	27	408	ramR	582	582	99.66	ramR.l15.c4.ctg.1	1123	35.9	1	SNP	p	E160D	0	.	.	478	480	GAA	728	730	GAA	44;44;44	G;A;A	41;41;42	ramR.3003379.CP001138.1.613435_614017.4674:1:1:E160D:.:b'RamR is a repressor that regulates RamA expression. Mutations lead to the upregulation of AcrAB, which is positively regulated by RamA.'	Salmonella enterica ramR mutants
rpoB.3003288.BA000007.3.4990267_4994296.5493	rpoB.3003288.BA000007.3.4990267_4994296.5493	1	1	539	1076	rpoB_1	4029	4029	93.67	rpoB_1.l15.c4.ctg.1	4515	23.8	0	.	p	.	0	I229V	NONSYN	685	687	ATC	996	998	GTC	17;17;17	G;T;C	17;17;17	.	Escherichia coli rpoB mutants conferring resistance to rifampicin
rpoB.3003288.BA000007.3.4990267_4994296.5493	rpoB.3003288.BA000007.3.4990267_4994296.5493	1	1	539	1076	rpoB_1	4029	4029	93.67	rpoB_1.l15.c4.ctg.1	4515	23.8	0	.	p	.	0	V242I	NONSYN	724	726	GTG	1035	1037	ATT	11;11;11	A;T;T	11;11;10	.	Escherichia coli rpoB mutants conferring resistance to rifampicin
rpoB.3003288.BA000007.3.4990267_4994296.5493	rpoB.3003288.BA000007.3.4990267_4994296.5493	1	1	539	1076	rpoB_1	4029	4029	93.67	rpoB_1.l15.c4.ctg.1	4515	23.8	0	.	p	.	0	V282I	NONSYN	844	846	GTC	1155	1157	ATC	7;7;6	A;T;C	7;7;6	.	Escherichia coli rpoB mutants conferring resistance to rifampicin
rpoB.3003288.BA000007.3.4990267_4994296.5493	rpoB.3003288.BA000007.3.4990267_4994296.5493	1	1	539	1076	rpoB_1	4029	4029	93.67	rpoB_1.l15.c4.ctg.1	4515	23.8	0	.	p	.	0	L284H	NONSYN	850	852	CTG	1161	1163	CAT	7;7;7	C;A;T	7;7;7	.	Escherichia coli rpoB mutants conferring resistance to rifampicin
rpoB.3003288.BA000007.3.4990267_4994296.5493	rpoB.3003288.BA000007.3.4990267_4994296.5493	1	1	539	1076	rpoB_1	4029	4029	93.67	rpoB_1.l15.c4.ctg.1	4515	23.8	0	.	p	.	0	A298S	NONSYN	892	894	GCT	1203	1205	TCT	10;10;11	T;C;T	10;9;11	.	Escherichia coli rpoB mutants conferring resistance to rifampicin
rpoB.3003288.BA000007.3.4990267_4994296.5493	rpoB.3003288.BA000007.3.4990267_4994296.5493	1	1	539	1076	rpoB_1	4029	4029	93.67	rpoB_1.l15.c4.ctg.1	4515	23.8	0	.	p	.	0	I302V	NONSYN	904	906	ATT	1215	1217	GTT	11;11;11	G;T;T	11;11;11	.	Escherichia coli rpoB mutants conferring resistance to rifampicin
rpoB.3003288.BA000007.3.4990267_4994296.5493	rpoB.3003288.BA000007.3.4990267_4994296.5493	1	1	539	1076	rpoB_1	4029	4029	93.67	rpoB_1.l15.c4.ctg.1	4515	23.8	0	.	p	.	0	L351V	NONSYN	1051	1053	TTA	1362	1364	GTA	12;11;11	G;T;A	12;11;11	.	Escherichia coli rpoB mutants conferring resistance to rifampicin
rpoB.3003288.BA000007.3.4990267_4994296.5493	rpoB.3003288.BA000007.3.4990267_4994296.5493	1	1	539	1076	rpoB_1	4029	4029	93.67	rpoB_1.l15.c4.ctg.1	4515	23.8	0	.	p	.	0	E412D	NONSYN	1234	1236	GAA	1545	1547	GAC	21;21;21	G;A;C	21;21;21	.	Escherichia coli rpoB mutants conferring resistance to rifampicin
rpoB.3003288.BA000007.3.4990267_4994296.5493	rpoB.3003288.BA000007.3.4990267_4994296.5493	1	1	539	1076	rpoB_1	4029	4029	93.67	rpoB_1.l15.c4.ctg.1	4515	23.8	0	.	p	.	0	K593R	NONSYN	1777	1779	AAA	2088	2090	CGT	13;14;14	C;G;T	13;14;14	.	Escherichia coli rpoB mutants conferring resistance to rifampicin
rpoB.3003288.BA000007.3.4990267_4994296.5493	rpoB.3003288.BA000007.3.4990267_4994296.5493	1	1	539	1076	rpoB_1	4029	4029	93.67	rpoB_1.l15.c4.ctg.1	4515	23.8	0	.	p	.	0	T595V	NONSYN	1783	1785	ACT	2094	2096	GTT	13;13;13	G;T;T	13;13;13	.	Escherichia coli rpoB mutants conferring resistance to rifampicin
rpoB.3003288.BA000007.3.4990267_4994296.5493	rpoB.3003288.BA000007.3.4990267_4994296.5493	1	1	539	1076	rpoB_1	4029	4029	93.67	rpoB_1.l15.c4.ctg.1	4515	23.8	0	.	p	.	0	E625D	NONSYN	1873	1875	GAA	2184	2186	GAC	25;26;26	G;A;C	24;24;24	.	Escherichia coli rpoB mutants conferring resistance to rifampicin
rpoB.3003288.BA000007.3.4990267_4994296.5493	rpoB.3003288.BA000007.3.4990267_4994296.5493	1	1	539	1076	rpoB_1	4029	4029	93.67	rpoB_1.l15.c4.ctg.1	4515	23.8	0	.	p	.	0	V723T	NONSYN	2167	2169	GTC	2478	2480	ACT	17;17;17	A;C;T	16;17;17	.	Escherichia coli rpoB mutants conferring resistance to rifampicin
rpoB.3003288.BA000007.3.4990267_4994296.5493	rpoB.3003288.BA000007.3.4990267_4994296.5493	1	1	539	1076	rpoB_1	4029	4029	93.67	rpoB_1.l15.c4.ctg.1	4515	23.8	0	.	p	.	0	A981S	NONSYN	2941	2943	GCC	3252	3254	TCC	21;21;21	T;C;C	19;18;18	.	Escherichia coli rpoB mutants conferring resistance to rifampicin
rpoB.3003288.BA000007.3.4990267_4994296.5493	rpoB.3003288.BA000007.3.4990267_4994296.5493	1	1	539	1076	rpoB_1	4029	4029	93.67	rpoB_1.l15.c4.ctg.1	4515	23.8	0	.	p	.	0	E1167D	NONSYN	3499	3501	GAA	3810	3812	GAT	11;11;11	G;A;T	11;11;11	.	Escherichia coli rpoB mutants conferring resistance to rifampicin
rpoB.3003288.BA000007.3.4990267_4994296.5493	rpoB.3003288.BA000007.3.4990267_4994296.5493	1	1	539	1076	rpoB_1	4029	4029	93.67	rpoB_1.l15.c4.ctg.1	4515	23.8	0	.	p	.	0	M1170L	NONSYN	3508	3510	ATG	3819	3821	CTG	12;12;12	C;T;G	12;11;11	.	Escherichia coli rpoB mutants conferring resistance to rifampicin
rpoB.3003288.BA000007.3.4990267_4994296.5493	rpoB.3003288.BA000007.3.4990267_4994296.5493	1	1	539	1076	rpoB_1	4029	4029	93.67	rpoB_1.l15.c4.ctg.1	4515	23.8	0	.	p	.	0	R1211T	NONSYN	3631	3633	CGC	3942	3944	ACC	12;12;11	A;C;C	12;12;11	.	Escherichia coli rpoB mutants conferring resistance to rifampicin
rpoB.3003288.BA000007.3.4990267_4994296.5493	rpoB.3003288.BA000007.3.4990267_4994296.5493	1	1	539	1076	rpoB_1	4029	4029	93.67	rpoB_1.l15.c4.ctg.1	4515	23.8	0	.	p	.	0	Y1213F	NONSYN	3637	3639	TAC	3948	3950	TTC	11;11;11	T;T;C	11;11;11	.	Escherichia coli rpoB mutants conferring resistance to rifampicin
rpoB.3003288.BA000007.3.4990267_4994296.5493	rpoB.3003288.BA000007.3.4990267_4994296.5493	1	1	539	1076	rpoB_1	4029	4029	93.67	rpoB_1.l15.c4.ctg.1	4515	23.8	1	SNP	p	V146F	0	.	.	436	438	GTT	747	749	GTT	39;39;39	G;T;T	35;35;35	rpoB.3003288.BA000007.3.4990267_4994296.5493:1:1:V146F:.:b'Point mutations that occurs in Escherichia coli rpoB resulting in resistance to rifampicin.'	Escherichia coli rpoB mutants conferring resistance to rifampicin
rpoB.3003288.BA000007.3.4990267_4994296.5493	rpoB.3003288.BA000007.3.4990267_4994296.5493	1	1	539	1076	rpoB_1	4029	4029	93.67	rpoB_1.l15.c4.ctg.1	4515	23.8	1	SNP	p	Q513L	0	.	.	1537	1539	CAG	1848	1850	CAG	38;38;38	C;A;G	37;37;36	rpoB.3003288.BA000007.3.4990267_4994296.5493:1:1:Q513L:.:b'Point mutations that occurs in Escherichia coli rpoB resulting in resistance to rifampicin.'	Escherichia coli rpoB mutants conferring resistance to rifampicin
rpoB.3003288.BA000007.3.4990267_4994296.5493	rpoB.3003288.BA000007.3.4990267_4994296.5493	1	1	539	1076	rpoB_1	4029	4029	93.67	rpoB_1.l15.c4.ctg.1	4515	23.8	1	SNP	p	Q513P	0	.	.	1537	1539	CAG	1848	1850	CAG	38;38;38	C;A;G	37;37;36	rpoB.3003288.BA000007.3.4990267_4994296.5493:1:1:Q513P:.:b'Point mutations that occurs in Escherichia coli rpoB resulting in resistance to rifampicin.'	Escherichia coli rpoB mutants conferring resistance to rifampicin
rpoB.3003288.BA000007.3.4990267_4994296.5493	rpoB.3003288.BA000007.3.4990267_4994296.5493	1	1	539	1076	rpoB_1	4029	4029	93.67	rpoB_1.l15.c4.ctg.1	4515	23.8	1	SNP	p	H526Y	0	.	.	1576	1578	CAC	1887	1889	CAC	28;28;29	C;A;C	26;26;27	rpoB.3003288.BA000007.3.4990267_4994296.5493:1:1:H526Y:.:b'Point mutations that occurs in Escherichia coli rpoB resulting in resistance to rifampicin.'	Escherichia coli rpoB mutants conferring resistance to rifampicin
rpoB.3003288.BA000007.3.4990267_4994296.5493	rpoB.3003288.BA000007.3.4990267_4994296.5493	1	1	539	1076	rpoB_1	4029	4029	93.67	rpoB_1.l15.c4.ctg.1	4515	23.8	1	SNP	p	R529S	0	.	.	1585	1587	CGT	1896	1898	CGT	31;32;33	C;G;T	29;28;29	rpoB.3003288.BA000007.3.4990267_4994296.5493:1:1:R529S:.:b'Point mutations that occurs in Escherichia coli rpoB resulting in resistance to rifampicin.'	Escherichia coli rpoB mutants conferring resistance to rifampicin
rpoB.3003288.BA000007.3.4990267_4994296.5493	rpoB.3003288.BA000007.3.4990267_4994296.5493	1	1	539	1076	rpoB_1	4029	4029	93.67	rpoB_1.l15.c4.ctg.1	4515	23.8	1	SNP	p	R529C	0	.	.	1585	1587	CGT	1896	1898	CGT	31;32;33	C;G;T	29;28;29	rpoB.3003288.BA000007.3.4990267_4994296.5493:1:1:R529C:.:b'Point mutations that occurs in Escherichia coli rpoB resulting in resistance to rifampicin.'	Escherichia coli rpoB mutants conferring resistance to rifampicin
rpoB.3003288.BA000007.3.4990267_4994296.5493	rpoB.3003288.BA000007.3.4990267_4994296.5493	1	1	539	1076	rpoB_1	4029	4029	93.67	rpoB_1.l15.c4.ctg.1	4515	23.8	1	SNP	p	S531F	0	.	.	1591	1593	TCC	1902	1904	TCC	33;34;34	T;C;C	30;31;31	rpoB.3003288.BA000007.3.4990267_4994296.5493:1:1:S531F:.:b'Point mutations that occurs in Escherichia coli rpoB resulting in resistance to rifampicin.'	Escherichia coli rpoB mutants conferring resistance to rifampicin
rpoB.3003288.BA000007.3.4990267_4994296.5493	rpoB.3003288.BA000007.3.4990267_4994296.5493	1	1	539	1076	rpoB_1	4029	4029	93.67	rpoB_1.l15.c4.ctg.1	4515	23.8	1	SNP	p	L533P	0	.	.	1597	1599	CTC	1908	1910	CTC	33;34;34	C;T;C	30;31;31	rpoB.3003288.BA000007.3.4990267_4994296.5493:1:1:L533P:.:b'Point mutations that occurs in Escherichia coli rpoB resulting in resistance to rifampicin.'	Escherichia coli rpoB mutants conferring resistance to rifampicin
rpoB.3003288.BA000007.3.4990267_4994296.5493	rpoB.3003288.BA000007.3.4990267_4994296.5493	1	1	539	1076	rpoB_1	4029	4029	93.67	rpoB_1.l15.c4.ctg.1	4515	23.8	1	SNP	p	R687H	0	.	.	2059	2061	CGT	2370	2372	CGT	38;38;38	C;G;T	36;36;35	rpoB.3003288.BA000007.3.4990267_4994296.5493:1:1:R687H:.:b'Point mutations that occurs in Escherichia coli rpoB resulting in resistance to rifampicin.'	Escherichia coli rpoB mutants conferring resistance to rifampicin
rrsD.3003512.AE006468.1.3570463_3572006.3227	rrsD.3003512.AE006468.1.3570463_3572006.3227	0	0	659	7138	rrsB+	1544	1544	99.68	rrsB+.l6.c30.ctg.1	2037	338.6	0	.	n	.	0	C523A	SNP	523	523	C	875	875	A	394	A,C	180,195	.	Salmonella enterica 16S rRNA (rrsD) mutation conferring resistance to spectinomycin
rrsD.3003512.AE006468.1.3570463_3572006.3227	rrsD.3003512.AE006468.1.3570463_3572006.3227	0	0	659	7138	rrsB+	1544	1544	99.68	rrsB+.l6.c30.ctg.1	2037	338.6	0	.	n	.	0	G540C	SNP	540	540	G	892	892	C	359	C,G	165,176	.	Salmonella enterica 16S rRNA (rrsD) mutation conferring resistance to spectinomycin
rrsD.3003512.AE006468.1.3570463_3572006.3227	rrsD.3003512.AE006468.1.3570463_3572006.3227	0	0	659	7138	rrsB+	1544	1544	99.68	rrsB+.l6.c30.ctg.1	2037	338.6	0	.	n	.	0	A1296T	SNP	1296	1296	A	1648	1648	T	368	T,A	239,108	.	Salmonella enterica 16S rRNA (rrsD) mutation conferring resistance to spectinomycin
rrsD.3003512.AE006468.1.3570463_3572006.3227	rrsD.3003512.AE006468.1.3570463_3572006.3227	0	0	659	7138	rrsB+	1544	1544	99.68	rrsB+.l6.c30.ctg.1	2037	338.6	1	SNP	n	C1065U	0	.	.	1065	1065	C	1417	1417	C	414	C	386	rrsD.3003512.AE006468.1.3570463_3572006.3227:0:0:C1065U:.:b'Point mutations in the helix 34 region of the rrsD 16S rRNA gene of Salmonella enterica serovar Typhimurium can confer resistance to spectinomycin.'	Salmonella enterica 16S rRNA (rrsD) mutation conferring resistance to spectinomycin
rrsD.3003512.AE006468.1.3570463_3572006.3227	rrsD.3003512.AE006468.1.3570463_3572006.3227	0	0	659	7138	rrsB+	1544	1544	99.68	rrsB+.l6.c30.ctg.1	2037	338.6	1	SNP	n	C1192U	0	.	.	1192	1192	C	1544	1544	C	427	C	400	rrsD.3003512.AE006468.1.3570463_3572006.3227:0:0:C1192U:.:b'Point mutations in the helix 34 region of the rrsD 16S rRNA gene of Salmonella enterica serovar Typhimurium can confer resistance to spectinomycin.'	Salmonella enterica 16S rRNA (rrsD) mutation conferring resistance to spectinomycin
rrsD.3003512.AE006468.1.3570463_3572006.3227	rrsD.3003512.AE006468.1.3570463_3572006.3227	0	0	659	7138	rrsB+	1544	1544	99.68	rrsB+.l6.c30.ctg.1	2037	338.6	0	HET	.	.	.	G1453A	.	1453	1453	G	1805	1805	G	403	G,A	284,97	.	Salmonella enterica 16S rRNA (rrsD) mutation conferring resistance to spectinomycin
rrsD.3003512.AE006468.1.3570463_3572006.3227	rrsD.3003512.AE006468.1.3570463_3572006.3227	0	0	659	7138	rrsB+	1544	1544	99.68	rrsB+.l6.c30.ctg.1	2037	338.6	0	HET	.	.	.	T538A	.	538	538	A	890	890	T	360	T,A	166,177	.	Salmonella enterica 16S rRNA (rrsD) mutation conferring resistance to spectinomycin
rrsD.3003512.AE006468.1.3570463_3572006.3227	rrsD.3003512.AE006468.1.3570463_3572006.3227	0	0	659	7138	rrsB+	1544	1544	99.68	rrsB+.l6.c30.ctg.1	2037	338.6	0	HET	.	.	.	T539A,G	.	539	539	A	891	891	T	359	T,A,G	164,175,1	.	Salmonella enterica 16S rRNA (rrsD) mutation conferring resistance to spectinomycin
rrsD.3003512.AE006468.1.3570463_3572006.3227	rrsD.3003512.AE006468.1.3570463_3572006.3227	0	0	659	7138	rrsB+	1544	1544	99.68	rrsB+.l6.c30.ctg.1	2037	338.6	0	HET	.	.	.	A1086G	.	1086	1086	A	1438	1438	A	423	A,G	353,46	.	Salmonella enterica 16S rRNA (rrsD) mutation conferring resistance to spectinomycin
sdiA.3000826.AE006468.2.2039654_2040377.5397	sdiA.3000826.AE006468.2.2039654_2040377.5397	1	0	27	548	sdiA	723	723	100.0	sdiA.l15.c17.ctg.1	1365	39.9	.	.	.	.	.	.	.	.	.	.	.	.	.	.	.	.	.	sdiA;b"SdiA is a cell division regulator that is also a positive regulator of AcrAB only when it's expressed from a plasmid. When the sdiA gene is on the chromosome, it has no effect on expression of acrAB."
soxR.3003382.AL513382.1.4349504_4349963.5221	soxR.3003382.AL513382.1.4349504_4349963.5221	1	1	27	386	soxR_2	459	459	99.13	soxR_2.l15.c17.ctg.1	1138	33.7	1	SNP	p	R20H	0	.	.	58	60	CGT	383	385	CGT	76;75;75	C;G;T	72;70;68	soxR.3003382.AL513382.1.4349504_4349963.5221:1:1:R20H:.:b'SoxR is a sensory protein that upregulates soxS expression in the presence of redox-cycling drugs. This stress response leads to the expression of many multidrug efflux pumps.'	Salmonella enterica soxR with mutation conferring antibiotic resistance
soxR.3003382.AL513382.1.4349504_4349963.5221	soxR.3003382.AL513382.1.4349504_4349963.5221	1	1	27	386	soxR_2	459	459	99.13	soxR_2.l15.c17.ctg.1	1138	33.7	1	SNP	p	G121D	0	.	.	361	363	GGC	686	688	GGC	56;56;57	G,A;G;C	52,1;52;52	soxR.3003382.AL513382.1.4349504_4349963.5221:1:1:G121D:.:b'SoxR is a sensory protein that upregulates soxS expression in the presence of redox-cycling drugs. This stress response leads to the expression of many multidrug efflux pumps.'	Salmonella enterica soxR with mutation conferring antibiotic resistance
soxS.3003383.AE006468.2.4503985_4504309.5363	soxS.3003383.AE006468.2.4503985_4504309.5363	1	1	27	312	soxS	324	324	100.0	soxS.l15.c4.ctg.1	1075	28.9	1	SNP	p	E52K	0	.	.	154	156	GAG	481	483	GAG	72;73;75	G;A;G	67;68;70	soxS.3003383.AE006468.2.4503985_4504309.5363:1:1:E52K:.:b'SoxS is a global regulator that up-regulates the expression of AcrAB efflux genes. It also reduces OmpF expression to decrease cell membrane permeability.'	Salmonella serovars soxS with mutation conferring antibiotic resistance
